Factor,Mean_IC,IC_IR,IC_tstat,TMB_Return_ann,TMB_Sharpe,TMB_tstat
MOM_21,0.0150989156029501,0.03774259305369455,1.4197437136820719,2.12090408690822,1.4885083097644718,3.527192911473434
SIZE,0.012294072875988524,0.035204230883094094,1.3340499182162568,-0.42571812289617633,-0.4029198117802825,-0.9618239165508116
VALUE,-0.10507571386458817,-0.22885489903747872,-8.672362715668712,-4.51362917311247,-2.8993292781455553,-6.921089904601364
